prcbdrBizno,20231109251,20231116856,20231120177,20231122228,20231123214,20231128660,20231132743,20231134342,20231136209,20231140006,20231140156,20231141559,20231148816,20231148835,20231148852
1058156661,,,0.9946510690746542,0.9946510369036397,0.99458204529073,1.0078810252228791,0.9957740329071934,,0.9957740165574696,,,,0.9956510430309484,0.995651013933982,0.99565106916019
1058621212,,0.9963279877013176,1.0013117583744726,0.9980525207679702,0.9988590778344802,0.9954131942993092,0.9984267821000424,1.0004592483479129,0.994812397009213,1.0003005478144338,0.9973781663406228,1.0024833847774468,0.9933355785931864,0.9908999253390316,0.992329126379098
1078706456,0.9952774143708012,0.9877928664568744,0.998524977463218,0.9985231071408496,0.9957266622988988,0.9967898465778084,0.996783686700798,0.9967848960389688,1.0032336083520002,0.9985250093950988,0.9985260209871732,0.9985268446424654,0.9967248029862528,0.9967245381404822,0.9967348091530792
1098187225,0.9904030032389912,0.9907119995505956,0.9911149977506718,0.991114999561129,0.9891030030310644,1.0122030026058102,,1.0101149992143212,0.9863720021334152,1.0101150034427122,1.0101150040032465,0.9907169994539414,0.9893170026474614,0.989317001985779,0.989317001645184
1108186871,,1.0051352069188164,0.9961552093158358,1.0106253052339258,1.0028257060885923,1.0038679042677128,0.9984217111676896,0.9917356118240536,0.9991526051910304,0.9936988099280616,,0.9918728037408728,0.9997925060697276,0.9997925044908444,0.9997925051681864
1138191956,0.9866233617295264,1.000128004535073,0.996951005019151,1.0085370054772889,1.0087540071916072,0.998265004312279,0.9998930086669432,1.0025160005779568,0.9985310030777078,1.0012530060894584,0.998397000508204,0.9992410001368296,0.9985220019300776,0.9985220037548233,0.998522001905862
1178167346,0.9968424833188196,1.003442968418998,0.9996425190469193,0.9934429989038792,0.9917429723771888,1.0012429426084606,1.0067429222971611,0.9968429168333364,0.991442962456314,0.9947424633189323,0.9984429227775496,0.9958429915842364,1.0084429442402072,0.9962429472786342,0.9962429378591684
1178180219,1.006971048928683,1.0026240938683773,1.0039309080481722,1.0038424443775602,1.0041756153270902,1.0017592620309566,,,1.001742762153765,,,0.9957319494012816,1.0025477354977137,0.9991802062075016,0.999370972628695
1178700880,1.00294935899475,1.004247998516448,0.99651299944882,0.9949470015077172,1.0066920018353671,0.991808998925304,0.986517003403236,0.995579002219269,1.002453000739738,0.9914739953643366,0.9989279964510016,0.9978179998611992,1.004187997601871,0.9992740008522376,0.999462999226112
1198115733,0.9917690981974692,0.9945987478115692,1.0102190528368824,1.010219112189088,1.0118700941781202,1.0050190399539376,1.0002090117959104,0.9947301195555436,0.986879079843972,1.002879152757422,0.98987017034979,0.9877990569921012,0.9910991105009164,0.9910900522935469,0.9910990423577494
1210669569,0.9962390363363748,0.9988694866294956,0.9999183679188454,0.9998578612166528,0.9997635747216542,0.9912899710890865,0.9977468805555276,0.9977682993333332,0.997516413363664,0.9918585071688204,0.9949369543458472,0.9976436883623356,1.0096050223664426,1.0096037183883502,1.012232957700762
1211104968,,,0.9963111134398102,0.993107085794802,0.9972500254772972,0.9948894678890104,,0.9977682993333332,0.9933330867169264,0.997584077535356,0.9946055315253644,0.9934751907201232,0.9955231158520502,,
1211138565,,1.0031579990177462,0.988672999637133,1.003575998373236,0.9883669996324412,,0.9979579994281764,0.98934199926554,0.9984740021306656,0.9987430044883642,1.001732997533899,1.0036350029036103,1.0072430013023792,1.0072429971649584,1.0072430002336366
1211237170,1.033836197130625,1.0053649571527608,0.9999649793051528,1.0016147654933922,1.003364995695785,0.9975859855395208,0.9968766915662416,0.9932649380472396,0.9947749392440138,1.0004031187964644,0.9919659508473048,0.9991569472097954,0.9955639498808824,0.995559969015435,0.9956769380541096
1218117767,0.9867129989122608,1.013711999015432,0.9887129977235622,0.9887129983722148,0.9867119988333894,0.989313001153685,0.986911997871368,0.98871200429508,0.9887119995827314,0.9887120028018844,0.9887120011783876,0.986711997590015,0.990713001424578,0.990713000507816,0.990713001650868
1218128978,0.996515453986398,0.9907330940974632,0.9957452695999616,0.9924225965251592,0.9969167897820224,0.9933931067167284,0.9959526959241686,0.995998173403477,0.9927902205546194,0.9956269392670908,0.9933283411439918,0.9909140375077468,0.995056441236826,0.9921864296228472,0.994118935006028
1218129905,0.9905985589933668,0.98877805424364,1.0138582845659172,0.9997081291889184,1.0007585212975456,0.9916782768132936,0.9995108473404636,0.9965104371195416,0.9995102250612772,0.9965100038174596,0.9915103657213924,0.998680513835208,0.9987600876518996,0.998690344960972,0.9988601163201988
1218132017,1.0050696069530305,0.9961418437931364,1.0024087881189794,0.9992289867001688,,0.9990096983768886,1.0044722400000214,1.0037044792193164,0.9987237477086348,1.0033538716992996,0.9999745812171856,0.997069048009398,1.0005287844435995,0.9979679233246754,0.9993673495343084
1218135519,0.9952408182312208,0.9961788610476044,0.9953597884840646,0.9953599111035134,0.988879906493588,1.004770688890174,1.0094732935830093,1.0022249042627949,0.9902848932155728,1.002220989740169,1.0022199304085395,0.9906508569362682,0.9953107789021232,0.9953099489246736,0.9953109330591856
1218143095,1.0023820020350616,1.005427003359428,1.0053270074811829,1.0063660023046472,1.0057650924674308,1.0034670066642408,0.995738007568411,0.9962460089137168,0.992439006505088,0.9982520074253132,0.9934640062463372,1.0072630089023835,0.9988230012234643,0.9978320062677016,0.9957330018166464
1218144696,,1.0020475765709365,0.9972798380936312,1.0008380498507812,1.0034228073284053,1.0070189715515274,0.9956938611834024,1.0008379480165428,0.9934169595390028,1.0017449158564136,1.0063524496406226,0.9978189654453988,1.0046739050446754,0.9945658970515174,0.996673941167386
1218148125,,0.996322699522108,0.998984725583095,0.9989851373978584,0.9995065071852997,0.9962436747499256,,,0.9974588695504596,1.0088846691708682,1.0088809632564038,1.0014942497437016,,,
1218148988,1.0075464648254917,0.9948438602061176,0.9973950580455202,0.9978187676823872,0.9941624539452798,0.9967518390040324,0.9990349162593032,0.9994023580073694,1.0023384899086265,1.0022216483924709,0.998976836857864,0.9974411511887592,1.0005480931058044,1.0001589390818812,0.9960727973467784
1218154063,0.9927139715893752,0.9987319939700438,0.9977199938705532,0.9963180249586956,0.9956120292197244,0.993145982669126,0.9931240222066762,0.9937080059315008,0.9946080078991044,0.9936269885992072,1.0037089888905184,0.9981460276544736,0.9972079862159904,0.9972080375526416,0.9972079852799558
1218158735,,0.9995759873719106,0.9926816495900608,0.9993569861935918,1.001647974973333,1.0011679749137294,,1.004368008242114,0.9942890061704788,0.9910462947874904,0.9978230004335784,1.0027559856825805,0.9993819899110128,0.9995759829923964,1.0014499766495553
1218159506,0.9981319911222096,0.9952319596783168,0.9942319909807662,0.9901319531843,1.0066319432420587,0.9912319870936604,1.0042320081209597,0.990431931956774,0.9971319962624804,1.0091319460636086,0.9914319559321562,0.9994319620754278,0.9918319529829338,1.0002319588030453,1.0063319514115854
1218160449,0.9908493593456836,1.004485004132268,1.0014520169162753,0.9944849626945926,0.9957479893833964,1.001484979028077,1.002836038046992,0.9932440183771596,1.0056349768209651,0.9943571517223678,1.0097520394304336,0.994351988275036,0.9967249779892334,0.9967250329498222,0.9967250267982356
1218161676,1.001740993397864,0.9975189914229246,,0.995918967714494,1.0059190092745682,0.9961239658561428,1.0021239356098828,0.9960240100900288,0.9980239932254212,1.0014409572284422,1.0022189603905285,1.0028239887161503,0.9950409826401966,1.0069189535969436,0.9929239660154732
1218169493,,1.0025420213270428,1.0025420443432635,1.0025420003263978,1.0025419987386557,1.0025420085601773,,1.002542007125078,1.002541996861221,1.002542035690713,1.0025419763882475,1.0025420263544476,1.002542018733677,1.0025420115500283,1.0025419772976456
1218170739,,1.008566949664229,1.0048320143631313,1.0085423188252445,0.9933825872081384,0.99638433270012,,1.004898867220472,1.0033733963887943,1.0013553324292055,1.0084234380944688,1.0043868809465533,0.9964739653805696,1.002373847061501,1.003373767306898
1218176621,0.9978139940284928,1.0114390126748052,1.0072940009103126,0.995896037323961,1.0055170318158686,1.008672001738547,1.0024779565668809,1.0066369878431116,0.9965970016595268,1.0595164007300055,1.004253977343127,1.0016890151420128,1.0064780107728055,1.002597006073809,1.0058629780741972
1218182706,1.014512999392994,1.01041200067867,0.9864129981216334,0.9864130031967092,1.0158230026426067,0.987123001759992,0.98581599658161,0.9865249958286826,0.990717001109115,0.9865250042896028,0.9865249985704057,0.98771699999826,1.0131219989354263,1.013121996581572,1.0131219998475096
1218186871,0.9963570004884268,0.9989539917332666,0.9985289383700968,1.0045289871150118,,,1.0022449958571145,,0.9968590024411104,,,0.998167105651026,0.9947849532794192,0.9947849562150088,0.9947850046780417
1218187002,0.9967959984351398,0.9922889821845388,1.0045940062979948,1.0036890332200017,0.9987659622602006,0.9976690335845826,0.9987450137951835,1.0008469774467912,0.9956889901447982,0.993467030183051,0.9945200082707132,1.0041590266262796,0.9954819901515836,1.0017840343283055,1.006478034577249
1218189543,0.9988140030085624,0.9991869889092456,1.0033860004303978,0.9982960278256456,,1.0115690317861437,0.9924780213086168,0.9946390206503656,,0.99546895680784,1.0002540272392366,,0.9891759910790386,0.9954829908195516,1.0017849679565307
1218190017,0.9887579989784336,,,,0.989654003492691,0.988954001663037,0.9887650034294044,0.9889649982026004,0.9887649968918266,1.0102550046941234,0.9887649964957312,0.9887650003419304,0.9887689983136688,0.9887690006418076,0.9887690013730376
1218194390,0.9953780693274732,0.9978260019551224,0.9963470020853524,0.9969269979496652,0.9975640001493848,0.9982610015461432,1.003385001885726,0.9889130029884182,0.9956270016148896,0.9939460021369344,1.0003470034656072,1.002386002078291,0.9956370019584628,0.997022003378238,0.995389003497026
1218194482,,1.0148272548580393,1.0057015041535389,1.0052654975691475,1.0066472720840414,1.015093261619102,,0.995367007289094,1.0120080219916383,1.0049502566925392,1.0088310073288285,1.010080295099123,0.996946006753869,0.9961289997563534,1.006927008433624
1218197679,,0.9998570012151136,1.001457038780354,1.0078460221157004,1.0016480701835315,0.9923480480740068,1.0036470095003664,0.9896470867275716,1.0053480041959155,0.988647012638332,1.004639074493561,1.004258057883825,1.0002580548324425,0.9998470678236288,0.9979680380203554
1218606377,0.9953619748124702,0.9962750001456364,1.0021359806576922,0.991845999876644,0.9968270065646956,0.9959479937822826,0.9916549627166736,1.0073460216183487,0.9999329820851736,1.0065050524975785,1.002763382999297,1.0043370120552686,0.9982529873481316,0.9979980360073626,1.0037699889090053
1218617419,1.0087128694444627,0.9969176196831984,1.0097102955674264,1.0026129305269649,0.9907186058499146,0.9996179691934212,1.00951389881414,0.998425391534568,0.9942668165160944,1.0018032159944432,0.997731414566357,0.999113849183325,1.008516503826432,1.0015128788100245,0.9994187974745968
1218618567,,,,1.014069569677609,1.014113922450722,1.000635494790573,,1.0006291089169397,1.0002682019403983,0.9962479542945212,,0.9962424137311964,,,
1218623833,0.994923008011408,0.9915374261552574,0.9980210015742088,0.9957398967654396,0.9931510074419624,0.997156754337252,0.9984535060079728,0.998976812581808,1.002738446553706,1.0017961590054951,0.99940235142543,0.9970411991480312,1.0001496696530567,1.0005480712842112,0.9956836770096684
1218625660,0.9980890023378214,0.994235999870501,0.9898640018973424,0.998008003297096,1.0010650029269996,1.0004510084216425,1.0046120164258812,1.005348005385068,1.0004880084495165,1.0035490115576915,1.0063970058012692,1.0004310061226362,1.000446008033724,1.0022040072899228,0.9982220024444712
1218627367,0.9990086633254802,0.9901075024969568,0.9980079376545564,0.9891079572369146,0.9892057157933678,0.9822669132202264,0.9920083226582812,0.9999416206138791,0.9950064716622378,0.9950049833078008,1.003222524857917,0.995008938793282,0.9857077820073455,1.0154064182047469,0.9857053852217028
1218632759,,0.99401800525894,0.9968180034245946,0.9892180059992414,1.003918005092603,0.9939180077705474,,1.0050180109995992,0.9949180048352628,1.0019180096813318,0.9969180140465744,0.9949180031349713,1.0050180075722108,1.008218004831879,0.9891180068091
1218634081,,0.9873592357616796,0.9887429520818344,0.9861851880555405,0.9872624756389236,,,0.9878627461500968,0.9878637101316834,0.9853990099516856,0.9822863027835164,0.9853854791941346,0.9876479817201406,0.987648321105212,0.9876480884317428
1218639674,1.0124752640498484,0.9862629962115104,0.9834218980728574,0.9866018708984352,0.9925247433183032,0.9865300462000576,0.9872527890774792,0.987039369391815,0.9875291688591618,0.98852949024905,0.985727441678139,0.985701649142421,1.012479154652955,,1.0137829174793058
1218639882,0.9949510858155204,1.007211007633072,0.9875205879268012,1.005772019628683,0.9957790279081564,0.9917750165630816,0.9981160104357372,0.9939980205030388,0.993633020271601,0.9898793040484444,0.9947790030796952,0.9917729953058012,1.0033910165274238,1.0047950198488225,1.0074090249108034
1218640531,0.9922480015091502,1.0067480011023675,1.0063480019597095,1.0063480002368557,1.0063479978666252,0.9962479992337134,0.9883479971487688,1.0095479956948803,0.9938480020577016,1.0095479979040312,1.009547996141784,0.9904480018264308,0.9927480002520228,0.9927480028801424,0.9927479995673096
1220488420,,,0.9977530957351844,0.9944977113072396,0.9986390470654004,,,0.9986323889880018,0.9946673838856068,0.99848709925047,,0.993310747020763,0.9973357967262352,0.9948013556102752,0.9962743138565554
1228125504,1.0077259416376898,1.001231028819168,0.9999859862577072,1.000124983154131,,1.0002590103196267,1.000025022883503,1.0021499868118242,1.0064439831193432,1.0056820193998612,1.0058579829594292,0.9982570109603432,1.000773963619573,1.0004479784234486,1.0005999987064829
1228145005,1.0046911872969424,1.0048313798705026,1.0021605241342455,0.9944589521023462,0.9974785299540568,0.9898691761560048,1.007888745261209,1.0106508824895102,1.0063483029582367,1.0083012914178275,1.0040227897171314,1.009077618335749,1.0064083012521563,1.0064086637933798,1.0064084711650283
1228150584,0.9940013614885168,0.9968370013911464,0.9982750018008688,0.9915210043714175,0.9983650035506264,1.001748001913135,0.9935230016533052,1.0093070082475812,,1.0093070064361138,1.0093070032503926,1.0093260030956814,0.9896280004444796,0.9896280037933342,0.9896280008211322
1228152559,1.0019889906416173,0.9991529330351352,0.9993748749106708,0.9955488301419348,1.0042509265942223,0.9974849063423332,1.0052437393915057,0.9975483745965936,0.9986348533745572,1.0027046287160768,1.004143233620185,1.0023874151283394,0.9947595195128894,0.9947594381904784,0.9947594980935608
1228154751,0.989302066777806,1.0017680011124783,0.998338001439388,1.004687001462909,,1.00749800165361,0.998294002994245,0.992747998695512,0.9968890025824048,0.99812530154108,1.004687001466796,0.9973680022979304,1.0046870011010651,0.9982940026796888,0.9878580032743076
1228158553,1.003729004709656,0.9934890075398776,0.9973390041401352,0.993229010445957,1.0065270025611068,0.9909430098240694,0.9965390071324656,0.993639015720386,0.995384007934814,0.9965390127466954,0.9999980071521554,0.9963290042606088,0.9966840039580168,0.9966840061868372,0.9966840061235918
1228161140,1.0003959684720891,1.0006879856961246,0.9992639695180604,1.0046859918412363,1.0002659989399296,0.9986719696603046,1.0044869712001523,0.9982370251035474,1.0041589915839229,0.9944679934954456,0.9950839929093735,1.0064890284016037,1.001784022489899,1.0064780077880184,1.0026040046735425
1228167862,,1.0031860157911991,1.0045690384385615,0.9985630642019652,1.0924792661669178,0.998369031340976,0.9983690848995288,0.998669007350672,1.002769050633606,1.0057666091740525,1.0033690784124378,1.0011690127242725,1.002169029047459,1.0021690666818188,1.0021690159614995
1228175305,0.9965376452625264,1.0057626282293295,1.004327635310386,1.0022326111765194,1.007025637413476,0.9981676211271868,1.0047226704022512,1.0064115202878037,1.0054776134921666,0.9992118896527112,0.9952117927823452,0.9984149781803155,0.9958147874865654,0.9958147958254984,1.0078113333114802
1228176468,0.9997854358541088,0.9931602097093356,0.9993574752125952,0.996330174643232,0.9983040023763514,0.9969693351004236,0.997068867626414,0.998178110306185,0.9994604849491556,0.9971107888099052,0.9964340154764184,0.9952409145095292,0.995731369399094,1.0050486449790603,0.994452984308463
1228177720,1.003076285307793,0.9985833961342514,1.0029788757876268,0.9994043870755146,1.0045259888581215,1.0011397685056318,1.004191780612909,1.0034881304945562,0.9987759985767568,1.003673788531612,0.999737735152792,0.998167105651026,1.0018617238133338,0.9986090548551264,0.9997745853433508
1228179316,,0.9830001896391304,1.0152003954235582,1.015200003706424,0.9910004280379184,0.982800365978145,0.9828003782686068,0.982999369857966,0.9830003079001156,0.9829996337093412,0.9830000743700684,0.9838005080567284,0.984000336258894,0.9840001625289636,0.9840003570034168
1228181224,0.9971578330322264,1.005617732118984,0.9942344665475656,0.9975143410797136,0.9968311006032377,1.0066194431185282,0.9994126393395892,0.9904115486884908,0.9935149468812992,0.9943143393227496,0.9904118203237432,0.9932149540029116,1.007612905102704,1.0076124642303783,1.006211374830403
1228182806,0.9941469829783968,1.0025449827074002,1.009704990781428,1.0075459591321207,0.9977059871186316,0.995604952983537,0.9916050088393056,1.007546993491597,0.993405966499216,1.0025459876045242,0.9936389894120689,1.0023049872088603,0.9936379837438516,1.002548938880787,1.0006379687356532
1228186480,0.9973500016970877,0.9989580001731077,,,1.0072500002465945,0.999850002438601,1.0031200008156742,0.9962790065642576,0.9961300010434024,0.997370006127946,,0.9961700008039344,1.0052700001975667,1.00527000147163,1.0052700007083366
1228186592,1.0001160625091872,1.0027319991651509,0.9905279984242608,1.0015429967934704,1.003642000247737,0.9966290027153998,0.9965730022096916,0.9938520029938857,0.9991339984533172,0.9888460009080304,0.9969349974452536,0.9947579987678458,0.9922380007322078,1.0033490031712236,0.9937600022913464
1228186869,1.006620006299566,1.005495903046351,0.9914789909467504,0.99360999717344,0.9869990004561996,0.9910000062211216,0.9947800074060354,1.0068228063655968,0.9952789022599644,1.006831235936077,0.9946440089064742,0.99244889247011,1.003598943402237,0.9884988418109112,1.003387998821648
1228191116,,0.9979979946957384,,0.9993669968491604,,,,1.0072447310790291,1.0025500041371151,,1.008121115814321,1.0054837610464744,0.999250679341154,1.004464769957944,1.000466596371172
1228191853,1.009348240718882,1.0126081762162762,0.9436798559810864,0.8876332786239741,1.013858492529784,1.003678345234408,1.011510165293452,1.011510019367587,1.0035104700947768,1.0115108099914107,1.007510004467285,1.006560034166526,1.0060104611426777,1.006510453143308,1.006460643724194
1228193996,1.0082009906750955,1.0120579940512997,0.9935770055169972,1.0111920110124946,1.0091010102816067,0.9902130100261716,0.995087001839538,0.9925140112916628,1.0034410103693097,1.1567149253023674,1.003770003023421,0.9952290036751646,1.013579007552683,0.9913510076707206,0.9966810062014396
1228195830,,1.0023988174340444,0.9970042721436247,0.9980011840727472,1.0024008972242562,1.0021991922156075,,0.9983941014297472,1.00329468079526,0.9974993936679792,1.0043946299547464,0.9974964956489808,1.0023948995612275,1.0024007081399542,1.0023940825847888
1228196902,1.005967380334655,0.9970498241634406,1.001276393134482,0.9977323509120948,1.005988417509384,0.9969835505315604,1.0026837212148667,1.0041237666239136,1.005557754109377,0.996826627388263,1.0009622212222244,1.00291866306938,0.9969493901448292,0.9953687605490766,1.002682480897954
1228197987,0.9955826417477284,0.9930281638744696,1.009140420090219,1.0096592341909838,0.9938420716268228,0.9926299625188648,0.991256842590052,0.999579728201553,0.9895465952348352,1.0001810494682464,0.9963192300117631,0.9911201073064438,1.0024474004554402,0.9996792567703444,1.0021622045440528
1228603669,,0.9936719150823824,,,,,,,,,,,,,
1228609678,1.0001950089473162,1.0003820063588726,1.0010920058462194,1.0004010034521142,1.0050540055777943,0.9891130050012036,1.0001130040319788,1.0001590153221434,1.0013740067413637,1.0041870104051902,1.0032060103012768,0.9886210046543094,0.996336004697444,0.9929010049967532,1.0004110108570945
1228615317,,0.9932418063145412,0.9981423255665204,1.0048751675631338,0.9964512119106246,,0.9962454313113904,0.9934815549728984,1.0038565472732477,0.9954312254402644,0.9964509907916138,0.9874355793057424,1.002247897057432,1.0026474059394332,1.002486833801083
1228618920,0.9934319567022944,0.9925319740192242,0.99773194732167,0.9982319425177754,0.9970319941223889,0.9905319893372668,0.992031930350799,0.9912319752368894,0.9931319548037916,0.9947319248821034,0.9969319580554852,0.9941319646071132,1.006331999952567,0.9918320047613608,1.0002319647787024
1228620673,,1.004369002633124,0.99664800271596,0.9966480001233587,0.9947360001819467,0.9943860022089844,0.992943007863526,0.993468001887496,1.0066840046071803,0.9934680087521852,0.9934680075706334,0.995390992200066,0.9987690128039156,0.9988040097350585,0.9964780042229644
1228621110,0.9910416058746716,0.9990090945606316,0.991734851385034,1.0108781384579,1.0041527648794142,0.99669258310161,1.0107688837483906,0.9853505977344924,0.997268866393652,1.0054314492456118,0.9911296336520083,1.0017356457936035,0.997133143274574,0.9971345230221378,0.997133349535594
1228623442,,,,,,,0.9963304190044548,,,1.0017429963554196,0.9993909537137988,0.9968017460419452,1.000306530658099,0.9978413935077508,0.9999158860244244
1228624096,,,,,,,1.0020548122861903,1.007689944570478,,0.9925329671258842,1.0013083559825433,0.998934274073032,,,
1228629219,0.9993964266767804,0.9999398141015374,0.9955330781600182,0.9955370227020336,,0.9990194247245084,1.0012313759711666,1.0008704897255565,1.0008789263729936,1.000877339044456,1.0008783146642584,1.001035008478034,0.9942747612563252,0.9942716975554052,0.9942711049702608
1228639022,0.979040018695426,0.9838999733316596,0.9826629600226604,0.982380026644438,0.9823800014419584,,0.9823999918035036,0.9823999408499012,0.9823999657828744,,,0.9823999988276984,0.9827999908142102,0.9827999671314412,0.9828000258331702
1228642717,,,1.001773982061149,0.9977759871030346,0.9926429943850262,1.002884974540864,1.0028159242929668,1.0028999659242266,1.0016749717417466,0.9942011452200225,1.0042419329528216,1.0058959595209536,1.000258988181673,0.997488947883624,0.9989769973451073
1278117218,1.0122284347679968,1.0022352064574755,0.9901775359690026,0.9880675335470576,,1.0025807643145392,1.000692988378681,0.9997887461017552,1.0006929879265765,0.9995412158036212,0.99862302278829,0.9996337338468948,0.9987626835294467,0.9987626860864696,0.9991250659664946
1288658992,0.9937790126881209,0.9946560029278724,1.0028560027978035,0.9942820116261436,0.9971430092140148,1.001750007037106,0.9952670057734484,1.0084890133873288,0.9980490057838496,0.9923060143613144,1.0050270089466775,1.0028760066210498,1.0081600052544295,0.9943250026587254,0.9972520131229404
1298655192,0.9977393612629863,1.0009760010886013,0.9881560022667591,1.003226001897436,0.9877579971177968,0.99607499743678,0.9971439967470828,0.9907679966225784,0.9981620033755336,0.9980660040152792,1.0012519979360943,1.0031370028526625,1.007368000098067,1.007368000141634,1.007367996989971
1308603578,,0.99474153393841,0.989252211537698,0.991729551139646,1.0081515932227096,1.0031119725306994,,0.994603528731469,1.0068572399853994,0.9911292849775196,0.9853499430021256,1.0059100311443503,0.9936039164969404,0.9936072392989292,0.9936044556031453
1308638761,,1.0123934761403626,1.0046431639815816,1.0021594563858265,0.9898807561017956,0.9995356693289456,,1.0054299049994289,0.9929870095384556,1.0040200514559974,1.0106512461267874,0.9929217461179084,1.004652438012375,1.0046556249890597,1.0046548934819637
1308643380,1.0040565946637907,0.9976034965266952,1.0023635206117911,1.0003849179542776,1.003545323812028,1.000159651937787,1.0032115892195663,1.0020407396458504,1.000223415482008,1.00269333753376,1.0007174533440728,0.9971185047610852,1.0011436282491577,0.9996573437852904,1.0007999210547298
1310455466,0.9991433682647872,0.9932960101514404,0.9987053401871698,0.9954501781259476,0.9995916251028926,0.0940645548371806,1.0033829810672463,0.9988847302733356,,0.9987392595795624,0.9957833758954266,0.9935630353314534,0.9975879760214368,0.9950534963124932,0.9965268435352944
1312053420,0.9962579573191792,1.0062749999129563,1.0016349966679865,1.0017349874774892,0.994235004116651,1.0093742440366993,1.0049579918812692,1.0046579334133523,0.9964749246312782,1.0077349445314483,0.9924349545557052,0.9911579652723188,1.0047574398008003,0.994235010977202,1.0047580067482031
1312935328,0.9895940027482938,1.0095940198303357,1.001894011685677,1.001894002890943,0.9987939540586036,1.00359402528235,0.9919939691812304,1.0078940454542082,0.9933940234436454,0.9998939711578388,1.007893969930039,0.9895940132543796,1.0011939707732749,1.0011940095339644,1.012394004246242
1313041694,,1.0063520063786082,1.0044290062342949,1.00786400707126,1.0072630154807498,1.0024650058142517,0.9967480107558648,0.998848013570336,0.9937590059362184,0.9972480143123302,0.992146010440628,1.0083630036001192,0.9973230040083452,0.9963490061262956,0.9943260093425936
1313306515,0.9925913667353676,0.9969140237213358,0.9938629971397528,0.9938630015197318,0.9894630023131794,0.9846629989563722,,1.010462998820107,0.9868629974339136,1.0104629976817197,1.010462997964753,1.018223001889628,1.0114229999975102,1.011422998025877,1.011423000458283
1318138833,1.000263054407698,0.9965329575274852,0.999721949375938,1.0041229994169552,0.9946139407072776,,1.0117389710493352,0.9987279221480344,0.9994349023812572,0.9985329132227208,1.002731857413934,0.9884247143394878,0.9994249823099404,0.9994247833955238,0.9994249567350538
1318149039,1.001081484244147,0.9968524164335428,0.9960876758535498,0.9956273752856264,0.9915729269624,0.9950923744639718,0.9959824416167412,0.9931928814058526,0.9931956737195924,0.9934688179535844,0.9939769598541268,1.0005917229024943,0.9923188696095936,0.9926188929859452,0.9922968083771704
1318165024,1.0033746606415646,1.0038090161838928,0.9910754311201704,0.993231919525353,0.9957119999283068,0.99773449938587,1.0014657531424842,1.007074602309104,1.0005572103135565,1.0077477412047409,0.9992119853907382,1.002797258519405,0.9974550029232614,0.9986774799181336,0.9998233521937931
1318178515,,0.991757800447463,0.9966130052744654,0.995288501760458,0.9937966754041068,0.9981899992085184,0.9952884037859464,1.0073894969839896,1.002878709598392,0.9952189982592992,1.007389503979847,0.9947035021376532,0.998163805829162,0.994655097038097,1.0009679964033191
1318188333,,0.9907250031832724,0.9948264806650072,0.994826009473192,0.9901292547202718,0.9931260062474762,,1.0056212216403326,0.9959230333190228,1.0104212108978283,0.9908251288313356,1.0062232572383698,1.0032240053495003,1.0004794341600582,1.0032241335087353
1318190862,,0.9984281880744468,1.0013201045711104,0.998054060868827,1.0021957192461657,0.994973114478541,1.0018855923462222,1.0014886033962145,0.998226346587421,1.0013777266074677,0.9984070321111363,0.9962082061446128,1.0002381628269683,0.9976800149758852,0.9991853977342188
1318191901,,0.9923990027529964,1.00879900406335,0.9905990058813248,1.003799001865311,0.9918990050498168,1.0010560085880669,1.0086989968107656,1.0063719854945672,1.0071499671942463,0.9983399391986972,0.9927600048767656,1.0090750025056343,1.0043910080227705,0.9893570078533998
1318193781,1.006990359232121,1.0074660036345635,0.9887560372206308,0.9917229629304256,1.0063409808749846,,0.9973850218446136,1.0045519940584595,0.98973598766721,1.009347043086746,1.0006590097589,0.9894580071872396,0.9987540208819016,0.9894658971848684,1.0072659851444246
1318194873,1.0081366749063865,0.9938998144536032,0.9995260259463904,1.003678509197481,1.0005442983505834,0.9920231132454458,1.0072689016864596,0.999249394094946,1.003617618303562,0.9991038706752128,0.9962619989491044,0.9893804071887587,1.0043315992144084,0.98570817368335,0.9979969503135596
1318605749,,0.991990094295607,0.9912579864890017,0.9912580235940208,0.9910550786919432,0.9983230182349284,,0.9909059323446578,0.9940999530294552,0.9983229913248122,,1.008327995285175,1.003186000535523,1.0083230104425167,0.9940996601438916
1318607295,1.0059850554914311,0.9932850107386844,0.9881449966040742,0.988144966395686,0.9919849967021568,1.007145039980292,0.9880449688076092,0.9903790069794772,1.0073849737534322,0.9903789859125608,0.990379001381032,0.9880450160161172,,,
1318607408,1.0063273617655246,0.9937260025793392,1.0062370046174751,1.0062370017456672,1.0057230000386077,1.0072360037759551,1.0076420071020893,1.0073280074580018,0.9932160040573708,1.0082460022617492,1.007328004837939,1.006732002357393,1.005832004769816,1.0058320059199215,1.0058320006171926
1318612901,1.0007150556635809,1.0105340465666506,0.9999150435862862,0.99475807391318,1.0006470301549266,1.00425803555255,0.995648062259918,0.9954480039604298,0.9963590227056256,0.9923480740154448,1.0042560790488178,0.9992580391653276,0.9998470311650838,0.9979680646987724,0.992847011490704
1318612954,0.9841421512523792,0.9841916111268948,0.9847520342602376,0.9847519530860672,0.984162079293148,0.9845150238000452,0.9862579609147756,0.9844001831506388,0.984146135508897,0.9843999002750548,0.9843999881968208,0.9840680514202308,0.9823420430142906,0.982341978675108,0.9823419362713188
1318615228,,0.9978446374986574,,0.9986446039862112,1.0076146077023242,0.9949178987512838,,0.993658567565884,0.9965943551869856,0.9935935855181864,,0.9928475609903776,0.99461485038217,0.998644398379407,0.9976478289384768
1318616834,1.013794282357283,0.9917965469365324,0.993383649603873,0.9862374659235092,1.0129797976064443,0.9869820220921454,0.99648254697504,1.0015151552851622,0.9917865967370544,0.9916101952510344,0.9884871429199152,0.9861927429112584,1.0029094083245125,1.000753699908476,0.9839829661503616
1318620134,1.0039981965687153,,1.007260191740882,1.0072589014446642,1.0072566173554007,1.0072568929779204,1.00725605910173,1.007253671108978,1.0072576037801009,1.007256857053513,1.0072561830876954,1.0072583163986817,1.0072599824249406,1.0072569083761151,1.008756236327479
1318638750,0.9967482677254316,0.991267200197642,1.0045865795975968,0.9930814174471904,0.997297630576622,0.9939168331270272,0.9978129820945776,0.9973928180754852,0.9932448709655516,0.9972923886588356,0.9934657603622408,0.9911907598088542,1.0010473766097674,0.9976151949523546,1.000423119238534
1318639083,0.9975940278703757,1.0048940447941377,0.9972935598067474,1.002792608960246,1.0018940933368428,0.99979401608534,0.9983940146228276,0.997694007684459,1.0006940125864578,1.0018935454529785,0.9977940615629116,1.0086937397393194,0.9958940055024996,0.9958940360069356,0.9958935266365344
1318639424,,,,,,,0.989311002141958,1.003241028066772,0.9927110299531928,1.0021351767545603,1.0032410360349635,1.0122109979405642,,,
1318647109,0.9900760907027596,0.9930175875160504,0.9983340051672692,0.9983348725916978,0.9955171998618692,0.9898991033794504,1.0123742068396064,,0.993014152846571,,,1.0065988930428516,0.9903546944884414,0.9903556350651096,0.9903581630328432
1318648767,0.9962110052507388,1.003432021888034,0.9908210135836784,0.9962320359941969,0.9929709935193752,0.9962210048781656,0.99091103711005,1.003371910105222,1.0074309816606877,1.0033720316841923,0.9963210083781172,1.0063450150508568,1.0074419855248782,1.007439987831889,1.0064210070716055
1318656777,,1.001095275970676,1.0018832111413838,0.9963513595861272,0.9998199772433344,1.000569841944139,,1.000502348232296,1.001668742352534,1.003096780887262,0.999850111739386,1.001141740858342,1.00115397675875,1.0004153068696036,1.001883943648981
1318657854,0.9935276517140912,1.0097576360950835,,,1.002025673831377,0.995177667050792,0.9967325996541894,0.999332625773769,0.9914777058907016,0.9981376277484428,1.0020325552627152,,1.0015075177803787,1.0015075065943335,0.99947263665718
1318660795,0.9914169109656888,1.0129418603244078,0.9907417954460996,1.0059994411885218,0.9928998715009836,0.9869415455224352,1.0139417576227936,1.003641899009675,1.013140915814103,1.0122146270224983,1.0138417970351912,0.9926414911916808,0.9917418847821956,0.9917418080873964,0.991741460469608
1318667653,0.9955583559265896,1.0039779999505387,0.9897650004445128,1.0037250031311211,0.9888750031683574,0.9971460029822292,0.9989570014309171,0.9903420041955194,0.9951249997029504,0.9979559996715566,1.0043160019114576,1.0037849981662277,1.006165000441509,1.006164998468284,1.0061649992222557
1318670217,,0.9892169731180444,0.9927095173991732,0.992709226406822,0.9992589606688098,1.0072898129237104,,1.0018489760034492,1.0016890184036962,0.9974690015689096,1.007418014425892,0.9956890280060672,1.002594986302505,1.0058630304655352,0.989217033224872
1328800703,0.992005563764048,0.9882048156173092,0.9950075506937588,0.9882044314009862,0.985114533557382,0.9882074670741856,0.9940045891375932,0.9997413639430268,0.99090783213682,0.9980065559403806,1.0030729804145284,0.990908738570066,1.0101078642643466,0.988205335047875,1.0101054766770106
1348660246,,0.99671800678257,0.997964700112144,0.9947093810577609,0.9988508231102572,0.995464960914064,0.9985162646977624,0.9981439415117208,0.9948790134731552,0.9979984168797938,0.9977777571768408,0.9955574436080364,0.996847194237528,0.9995893357758696,0.995786000441332
1348662531,,0.9898919986178032,0.9935739994715982,0.9923839998864672,,0.9903240026161256,,0.9947619997023408,0.9909140004535892,0.9907239973975728,1.0118740023307666,0.9882919995014184,1.0127610027868197,1.0127609978245695,1.012761001969028
1348801178,0.9959199491448832,1.0058769586638432,1.002562980565338,1.00085199631965,0.9968549983630988,0.9936249678803736,1.0006699850430916,0.9936249530532766,0.9929790022625616,0.990703983776916,1.00654499821584,0.994825948812039,0.9970649504464244,0.9935499827895944,0.9946519646521694
1358187791,,,,,,,,,,,,,1.011200005366058,,
1358190452,0.9902370669984378,1.0006580017200055,1.0005900033376018,1.0007060033145512,,0.9972770019210564,0.997968009089804,1.00179300247594,0.9965980059619272,0.9981503115099122,1.0004430029147793,1.0020470054840176,0.993846003953588,0.9933940047482392,1.003296001208986
1358652827,1.003395528227538,0.9989139073348572,1.0033091871291384,0.9997235301974856,1.003249220094227,0.9998633724256754,1.002915076601542,1.0038189116026606,0.9995740118353482,1.002396943997941,1.000057032748135,0.9984974060997944,1.002191896103605,0.999007729809012,1.0014614980897043
1368108300,0.99859754073615,0.9950059428988944,0.9960069723758916,1.0091078780842866,1.0079088072161524,0.9891045355969686,0.9980046765578228,0.9995420012751692,0.9980085215397954,0.9970044635097544,1.002772274831066,0.9980069599788958,0.9882085746016788,1.010106303303621,0.9882053203483862
1368122942,1.0009700606787433,1.0018451450707897,0.9976712605698465,0.9944161715229936,,0.9920306698693658,1.006390128940174,1.019466646021992,1.0044930578485525,1.0172203845163306,0.9968729486264724,1.0006776245700082,1.0043415160499818,1.0018069369320397,1.003280291471726
1371946182,1.0063610613595897,1.0020280103078607,,,0.994316027995702,,0.9995520002700607,1.0056969973341785,0.998447998841491,0.9980950035351964,0.9991419985912324,,,,
1378117855,1.0017770055564938,1.009776990830991,0.9998770047341524,1.0046660047545626,1.0037170068422334,0.9948770106822512,0.9948770066930528,0.9914890100379464,0.9914889703635696,0.996823004800603,0.9914890091581796,0.990734992291222,0.999877015009112,0.9998770391322188,0.9998770029754684
1378121422,1.005607648068991,0.9923142067993692,0.9961710670894476,0.9937672756953724,1.007169976074629,0.9988918599345714,,0.9951497645613387,0.9932239027600324,0.990630308812298,0.9974670846583136,0.9862704017868246,0.9936960847334472,0.9914710766914068,0.9975550777221824
1378122284,,1.0169666935209043,0.9953279597680732,0.9954942421226808,1.0109764798166518,1.0076459468827137,1.0681612617363,0.9948270294801882,,0.998784330215644,1.0003286377912624,0.996970605522706,0.999197186763384,1.0019295082742448,0.994118935006028
1378127839,0.9952319417207692,1.0016319785668468,0.9901319572477028,1.0051319366004083,1.0016319796599598,0.9941319350455426,0.9994319976474538,1.0091319714012144,0.9943319604555712,0.9923319840806432,0.9936319567814876,0.9932319694805756,1.000231979388317,1.0063319683456906,0.9918319653673828
1378155752,,0.9874080033503514,1.0154980080641745,1.015498013222195,,0.9938280091278404,0.991228003432872,0.9929380100920432,1.0151880098255464,0.9929380100635478,0.9929380058962972,1.013758005133342,0.9889080090146788,0.9889080067228034,0.98890800501227
1378158647,,0.992612512988588,0.9973119497315424,1.0077157980321507,0.9993284641138244,1.008619329825283,0.9906145244920256,0.994312977758134,1.0023148073722956,0.990510151813809,0.9943137177736712,1.007311894546343,1.0063108829262282,1.0063104087958794,0.9956123745121422
1378164310,1.009511755385093,1.0076119044989589,1.0055117342757494,0.9928880492285164,0.990488197169182,0.9921877877924554,0.9924880309702444,1.0030116268982867,1.0037120091575331,1.004512158818643,1.003411678370095,1.0075120766365058,1.0075119867171618,1.0075120886214215,1.0075120657151555
1378164396,,0.992053922618668,0.9897876412711548,0.989788168448622,,0.9897883726527016,0.9897882552538996,0.988776417210861,0.988776403867062,0.9887760143963028,0.988775723278238,0.9887762105389792,1.0054172010380735,1.0054169245020648,1.0054171925408826
1378164703,1.0040913999284555,0.9981643608136752,,,0.9999719898464988,,1.0021187419175288,1.0034887562966526,1.0005865929445914,1.0035928683916742,1.0034647868562063,1.0034791140447503,,,
1378173482,0.9974570103665036,1.0024350044443762,1.0006850085183123,1.0056170084774565,0.9939129841827774,,0.996507712775264,1.0006670057038924,1.0000530097936595,0.996145091623614,0.9942850052405404,1.0031570092862616,0.9979315068725688,1.0048431577288928,1.0015135112327167
1378196700,,1.0085013762420292,1.0025353956781455,0.997214021412658,0.9993922549469196,0.9915974733099904,1.0050180498510348,1.002792596164542,1.004733276125373,,1.0051302269465496,1.0036314879416155,0.9965731337363049,0.9968517748278926,0.9967275629643062
1378602226,1.0078169725882933,0.995019903692008,1.006238497030603,0.997020901321344,1.0070439082505969,1.0079489076474597,1.005475104221258,0.9944909111742044,0.996702908061966,0.996622209941734,0.9946329102837298,0.9935989091395524,1.0060059052317465,1.0089949049765017,1.008994904047095
1378603962,1.0034110231887647,0.994267977490182,,,1.004321001300429,0.993221025181916,1.0074319836263732,0.9963200144816328,0.996241017173594,0.9963209706068372,1.0033719884664714,0.9974220161360232,1.0064210181354212,1.006421034026878,1.0075109787868397
1398100495,1.0036430115680546,1.00434400541,1.006307006573513,1.0053730137211765,1.0044630168327346,1.0044470110049977,0.994567009361062,0.9943570163456616,1.007836007318558,0.9954590111580826,0.994343004234125,1.0064330068549006,0.995437002718676,0.9989430087473494,0.9973780098533256
1398103060,,0.9984799593489098,1.0101130066282469,0.9901130013876468,0.9901130023393624,,,1.0020350090866532,0.9960880035599208,1.0026730134055897,0.9941530100396708,1.0043669804917077,1.0027680059160995,1.0027679980442787,1.0027679859254752
1398127887,,0.9938719986309602,0.9983649851175008,1.0030160091456255,1.000888959269696,0.9995269904341464,0.9959710154935624,0.9964919312575476,1.0022069805808074,0.9964919379257524,1.0032429760709858,1.0054639783457997,0.9963229961425446,0.9963229650176056,0.99632300824511
1398128120,0.9920700041153604,0.9920700039716448,0.9920700006913764,0.9920700075462504,0.9920700003675116,0.9920700017227791,0.9920700142803688,0.9920700047042572,0.9920700068029138,0.9920700098322536,0.9920700095294528,0.9920700066505173,0.9920700037041597,0.9920700009851618,0.9920700099147644
1398141287,0.9981090212048132,0.9883020123511836,0.9948020079189336,0.993249031757094,1.003237985290786,0.9961080296096582,0.9962479809421824,0.9972049880462612,0.987620981098862,0.996712962819606,0.9947190236326712,0.9947060161891974,0.9937120100046916,0.993711997504897,0.9937119890445364
1428120589,,0.9926844322258396,0.997739869135428,0.9944846204499578,0.9986305733577204,0.9952411127644968,,,0.9946563229875496,0.9977722639073048,,0.9925979221485276,0.9966198011978272,0.994087911229146,0.995560926571854
1518601960,1.0009118650303974,0.9958760123124444,1.002731099843205,0.9995419266381336,0.9987204327432064,1.004275647723548,0.9978861848275372,0.997619859076064,0.9975250856506068,1.002412281187255,0.996765001788796,0.996827699061164,0.9989738537928357,1.0002468667015867,0.9970357216342556
1598700564,1.0159736992654935,1.006095254701619,1.000095194118798,1.0000888763451572,1.0010108283239678,1.0173947399201302,0.9875861296958316,0.993012203400588,1.0058461517581028,1.006598204751693,1.0065933374467295,0.9930924896654004,1.0010882106385997,1.0010859290367142,1.0010897686056497
1658800926,,0.9965290019694364,0.9944805944718036,0.9967750071073408,,0.991320003057814,0.992560006103193,1.0017690074355574,0.9980850045962374,0.9868903116748292,1.0041170027164663,0.998142000461836,1.0009770020777915,1.0009770002948812,1.0009770034159642
1688700291,,1.008157644593399,0.9944579748643058,0.9892482775371914,1.0065615829052563,1.008147227875428,,1.008299654612984,0.9887051526832592,0.9853519633586983,0.9946055315253644,1.0031015941735375,0.9885521637871376,0.9885531153267966,0.9885538620283671
1768102906,1.0009803621027145,0.9988950020941824,0.9983590013188944,1.0038150049139636,0.9899510021863596,,0.9902330052947824,,0.9913030047738444,,,,1.0102490041682886,1.010249006317257,1.0102490019380372
1798103340,0.9973450028201492,1.0043649994814623,0.9893450028543852,1.0013739963927957,0.989482996454896,0.9973670005637634,0.9986550023851514,0.9897550018290832,0.998712001442048,0.997152001625362,1.0030669986367928,1.0023569992260517,1.0067839976511426,1.0067839978838304,1.006783997652
1908802497,,,0.997933670650576,,0.9928636916254968,0.9986183999303369,0.99534739468801,1.009236569751615,1.0061277635797994,0.9950162744901176,,0.9951555427357834,0.9960428747047562,1.008228855293833,1.009240281737515
2012802468,,1.0074609798643144,,,0.9987609161196722,0.9944629301368516,0.995560997089912,,,0.9943529175289988,,0.996460965471986,,,
2022577715,0.996943005906476,1.000213503816535,0.9988140104966128,1.0052290057349595,1.0047580065912116,0.9992360080405844,0.9980600129890848,0.9939420112154096,0.9993510024158724,0.9945080113274404,0.9951670022006794,1.0009580090258237,1.005777001332979,0.9991315735180916,1.0039320064437809
2028165568,1.013365001853591,1.0108540025615538,1.0108649989453096,1.0133539960390088,0.9889639961410356,0.990964998851496,1.0113520031966592,1.0106330024296126,1.010823996962512,0.9885669957929796,1.0102350033147112,1.0159330012060857,1.0108639996430966,1.0108690024201876,1.010864000471579
2048608699,,1.0032330065516564,1.00736400286635,1.0038760100201205,0.9934270027658088,1.0054580049856323,1.0042840111460378,0.9932650006274492,1.0062830097305653,0.9942050030406474,0.9954760014381374,1.0051550031773415,1.0058240071335975,1.0064840020497363,0.9986540057267398
2068119130,1.0029299007494707,1.0001549901135798,1.0005470204249172,1.0005740081150163,,0.9982740124065362,1.0032470007583434,0.9997619260119088,1.0008050287166497,0.999974044459103,0.9988900202458644,,1.0022770058865564,1.00624700251332,1.0022769841742172
2068802787,,,,,1.0095265046593729,,,,,,,,,,
2108165064,0.9930193546945556,1.0155981127414362,0.9901151233934672,0.9901124452401152,1.016387275405925,0.993019016423658,0.9930158989749442,1.0168731433338538,0.9900148172998248,1.0168919992972802,1.016899778815402,1.016666874636331,1.013186750038289,1.013187551750408,1.013183657667779
2148795126,0.9922773562849412,0.9894390026103426,0.987349002855415,0.987348999492366,0.9885019981731068,0.9998459996724652,0.9886219974712084,0.9945669997690982,0.9883489985516508,0.9945669983457276,0.9955669972110684,0.9885020022894162,0.9875790013785778,0.987578998316688,1.0016540003406476
2238119979,,0.9917230412455176,1.0075578963311222,1.0044762814412491,1.0086063171314614,0.9998640457882028,1.0025848521986018,1.0021213787159882,0.9980244682333131,1.0017137333745816,0.99932766003857,0.9977911754611174,1.0007904138997596,0.9997698775666,0.9952945566725586
2238802837,,0.988905002273748,1.0112029986899953,1.0103029963490828,0.9901029957474842,,,0.9907030026048508,0.9869029998842488,0.9906809968115824,0.992102998225316,0.9929050014748372,0.9880029986002398,0.9880030004400732,0.9880029995116554
2268131797,1.008806306396583,1.0155066272411084,0.992004334513762,1.0155044303090974,,0.9847254346262856,1.007908575722924,0.9993417446043168,0.99200442178468,0.99200717440266,1.0029226276227972,0.9920056186699872,0.9822549731979552,0.9857079616222044,0.9822583732223888
2268601570,,1.0059459694025297,1.0034040013375531,1.0034040033320066,1.0023909953635963,,,1.002366961338681,1.0115569680690315,1.0023669282716152,1.0023669689720658,,1.0116659741359268,1.0116659423430774,1.0116659434292752
2278601777,1.006450916561879,0.99845600389709,0.9994770097237634,0.9973279888760536,0.9974750071767068,0.9926748533540332,0.9974430023374374,1.0014419364398817,0.9984749792897576,0.9994749742006954,0.9997560038253356,0.9984589593630662,0.9886069980544264,,1.0150866735019095
2278801878,,1.0026367854984803,0.9895538770348172,0.98496722496137,1.0061678887338392,1.0014633566091378,,1.0036387699991929,0.9897410091792112,0.9939958338882264,1.0015383310860246,1.0022693665722286,,,
2288601163,1.015024146239569,0.9871887448639592,1.0003110635437005,0.9920507477294258,0.989741654001568,1.0085804992528622,0.9801394135987614,1.0091455602467363,1.005284081705304,0.9966066375194552,1.0058991278900695,0.9942585503405984,0.9838245165976082,1.002080919932263,0.9972933453837016
2318104517,1.012329658132794,1.0112247885350207,1.0112281716678204,1.007763712281026,0.9985163211193406,0.9878790157968698,0.9868873419973024,1.0077632528160576,0.998985680631948,1.00898817167544,0.9936840144147538,1.008989302707736,1.0078783262901128,1.008988741065867,0.9877640274521108
2468102748,0.9949340725038216,1.0004870031570812,,,1.005599007796906,,0.9973650025213584,1.002687005470817,0.9961810033193512,0.996800309524146,1.0017930012313736,1.002246004144765,0.9933940004215798,0.9938460060115596,1.0037470039982173
2468602103,,1.0008839656176358,0.9962769506179792,0.9915390064392092,0.995061999902124,0.999752940971161,,0.9965419954252608,0.9964680030877088,0.9896379079798272,1.0023790133623711,,1.0013849573595557,0.9964189580295518,0.9997429919603006
2528103062,,,,,1.0112090116848145,,,,,,,,,,
2568801482,,,1.0071452547109123,1.0070467097710751,1.0071728323805886,1.007069847831385,1.0071616283316585,1.007150860764567,1.0070506360557214,1.0071467680259232,1.007056521047063,1.0069895425040956,1.0019311416623484,1.0018564178660323,1.0019009794387863
2608601605,0.995034065615416,0.9946849980144792,0.9978580031830924,1.002768001571002,1.008367996483221,1.0047979974815682,0.9988690013962874,1.004686997450716,1.000589001913187,0.9941253061121272,1.0047980038612077,1.0056850029241733,0.9918679977635272,0.99286800121378,0.989586001911004
2638802363,,,,,,,0.9890019963330532,0.9987939979093856,0.9944669984134452,1.0057259985549858,0.9909129962961808,0.9925269988115246,0.9889810027579324,0.9889809981691478,1.00482599773746
2858602092,0.9956360721115158,0.9986640038499448,1.0020160005445002,0.9981680026638748,1.0052980007538743,,0.9981630086300016,1.0022960043209777,0.996048001109586,0.999044309688491,1.0026870021644008,1.001345002220068,1.0032960015757642,1.0037470065981478,0.9938460000597042
2898601251,1.0070816159886922,1.0070820289421478,1.0070819509313294,1.0070817898461444,1.0070820018510769,1.0070818187207633,1.0070823064847982,1.0070820225339614,1.007081850860054,1.0070818437276008,1.0070819840198562,1.0070816851426558,1.0070820627278865,1.007081957930926,1.0070820044114783
3148121145,1.008480008986953,1.008845107890659,1.0072110128381508,0.9937980092635792,0.9848698433468518,0.9986902252666064,0.9990670132780504,0.9899700095493512,1.0019083363332684,,0.9899700094535896,0.9954752453091904,0.9974390076508246,0.9974390074838156,0.9974390082704164
3168803098,,0.9988250077541628,0.9988730067899648,0.9970430103247536,0.9958290132624475,0.9966940046447238,,0.9939890089528504,0.9960570059020531,,1.0067130053353743,0.9949280063517708,1.007244004652802,0.9997698775666,0.9952945566725586
3218802863,1.0075883557256924,1.000828994994751,1.0137886150431357,0.9917381072555166,1.0019869994486854,0.9954131942993092,1.011977597605306,0.987505144952146,1.000865354718936,1.0132317743628805,1.0019534179599707,1.000858377222008,,,
3288701719,,1.000875821821653,1.0010642016945388,1.0010557174385275,1.000049205317604,1.0009796578601975,0.9988139482573356,0.9994132648439068,0.9988160349562272,0.9993153921572828,0.9993182023629612,0.9998162528114548,1.0034682511762434,1.0034680825732298,1.003466518523192
3328702319,,,,,,,,,,0.993148995214458,,0.9977059803186276,0.9926789674095658,0.9931449460013384,1.0013079513496044
3388802032,1.0031479981685454,0.9894427783702984,1.0037479990269411,0.9907449988864238,0.9892359926365384,0.9907369908178696,0.9927469601417804,0.995134924111624,1.0063459957770469,0.9891345094348648,0.9991449733131332,1.0063449561737716,0.9943336789264972,0.9943339021581392,0.9943339294269228
3388802288,,1.0014150045738732,1.004893054767355,0.9958940694173108,1.0031180204404873,0.9973350457709294,,1.0064930533609366,1.0038480649894614,0.9975673007202968,,1.0035669998700405,0.9925279981715408,0.9976009939242986,0.992737999826803
3438602587,0.9998310019410928,0.9996610001408855,0.9942620019234222,0.998464001492416,0.9983430004737184,0.9976630032490584,0.9994870035710204,0.999336997448414,0.9957830009924558,0.9979739996980336,0.999175997722524,0.998563001060574,0.9985449973217426,1.003531997802539,0.9975349985330924
3451401141,1.0056745022082334,1.0027745002614592,0.9957494992826644,0.9978495012505942,1.002749499845593,0.9981645012141428,1.0044864990463025,1.0022144980679346,0.9956574971215574,0.995624502253574,1.012757502818823,0.9986844998138856,1.0037465000821382,1.003746497651398,1.0037464967650032
3558800290,1.0134150840599272,1.0108154834641905,0.9898150139669076,0.9898150346524556,0.9882150536764156,0.9853150009281648,1.013307088417143,1.0135070432575433,1.0143070601890087,1.0135069969318553,1.0135070599865037,0.9883070190458892,0.9873070175793924,0.987307044034758,0.987307010326198
3578601025,,0.9960212733071556,0.9985744887992049,1.0035455471568528,1.0040575546807644,0.9926449261305876,,0.9997529859819602,1.0015439374218198,0.9976969893585252,0.998744275039686,1.0021124591397923,1.0029724093975676,1.002223990518551,0.9981043388311754
3598702600,,,,,,,1.0024709686898956,1.001068958390419,1.0057689969047847,0.9967729942722576,0.9992689739488944,0.994868987961424,1.0038689496677404,1.003868948825621,1.0038689718476443
3678801332,1.007711536774238,1.002729857452571,0.9945973139098684,0.997487817120515,0.9958018783558324,0.9967172730609528,0.996717585161748,0.997145179245904,1.0021987697301025,0.998104412853794,,0.9935428993682665,0.9946107669792869,1.0062227568556634,0.9967579969571528
3698601839,0.9948320315656934,0.9901629754968664,1.0073270320444638,1.006438968860791,1.002673960073984,0.9942259813452206,1.0116849566488544,0.9947690086858206,0.9941760221504486,0.9938640093346766,0.997564005624596,0.9972850091584324,0.99837601444357,0.9983759996560198,0.998375998448275
3728802027,0.9888130021975818,0.9890180000871006,1.0133180027215336,1.0133180004595417,1.013720999481914,1.010121998159906,0.9854149963165012,0.9880280026036996,0.9860129979544544,0.988028001795763,0.9880280010612952,1.014415002753256,1.0156149980636853,1.0156150015476415,1.0156150003715374
3848102642,0.9954223662291908,1.005723019767049,0.999968020715792,1.0014520367256508,1.0017650835176724,,0.9938570882747414,0.9966840525011466,,0.9929490471942626,1.006493021417408,1.005771022345858,0.9929490553431268,1.0062930197819335,1.0041160668848037
4048603066,0.9991360023183952,1.0000570054410034,0.9999430033450228,1.0008190039368534,0.9996870066799,0.9995630003657574,1.0008479870446765,1.000495008467708,0.9998470056567184,1.0001080143372931,1.0006479353866056,0.9993050054163048,0.9990020059389992,0.9994830083174236,1.000290006750774
4108692943,,1.001835626348212,0.997713698857835,1.001145556655168,1.006616804820473,,1.0034136710675197,1.003563226746126,1.0035233631661316,1.0035222985021934,1.0065278612309758,,0.9937188351209394,0.993718924835656,0.9937189453857584
4118800135,,0.9873030012639638,0.9882030026707068,0.988702996272762,1.0062529971304124,0.9882030004360864,0.9915030047214743,0.9885030042749378,0.9937030025057494,0.9883810017922642,0.9906049994106676,0.9919049977311378,0.9937029973511852,0.9937029990436153,0.9937029965242692
4158118792,1.003970944124347,0.9915189704098156,0.9921569708895612,0.992774937376708,1.003268928605347,0.9953201206343932,0.996474898082664,1.0057690003353856,0.9985105370233888,0.9995519424268224,1.0061172202729145,1.0027699984288916,0.9993059802830582,0.9991059848065122,0.9991059795052666
4191000182,0.9904449330712553,0.9943369882288684,0.9907446246652988,1.0037479848583497,1.006934997304361,0.9961349641107592,0.996446946574723,,0.996144997721136,,,0.9986299972959848,1.0063336333137205,1.0063337355219046,1.006333980344442
4368102429,,,,,,0.9903478620950176,1.0009209631437876,,,,,,,,
4398103015,1.0003860018638633,0.9985729784212084,1.000398981530317,0.9989699930727676,0.99473999901029,1.003968938574065,0.9976269534775368,0.9982789538440072,1.0001269888799282,1.0012739418233378,0.995466988354117,1.0024749653542429,1.0017539803115438,0.9993049688482124,1.0024099517382017
4448103074,,1.003618007150839,,,0.9942870079271536,,,0.9974258961862956,0.9952663688374422,1.0077132090054883,0.998731341466204,0.9960139706400696,1.0093168507915415,0.999714600294625,1.0030158055815117
4448700384,1.0037256721250305,0.9992444185354628,1.00364020577545,1.0000537962700882,1.0027484144493284,0.999362091432961,1.0024136492124622,1.0025422753259765,0.9998929457057036,1.001895427316698,1.0003868388719326,0.9968105776047468,1.0025226517371453,0.9993265283980236,1.0011303472627784
4498702335,,,0.9869910005309908,0.9904949977368026,,,,,,,,,0.9896149977230128,0.9896149973763988,0.9896150011584736
4528101873,,1.0026329780094494,0.9974839662588564,1.0021739162216476,0.9961139773870066,1.003140927119383,1.0032179160811614,0.997287951524186,0.9962839714586866,1.0022419725206413,0.9972919964072974,1.0043729859544126,0.9985729511311946,0.9985729337733116,0.998572949859125
4578101131,0.9942720094067464,1.009871004080981,0.9963730026097936,1.0068370079272042,1.0010420096640256,0.9957190056320884,0.995725004451372,0.9931730077192764,0.9969430041939004,0.9885503130711064,0.9953730097758016,1.005487005173877,0.9917260061784126,0.9917260024633384,1.0082740097108247
4578801300,,0.990141981425404,0.9909529966593232,0.9909529980632364,0.984524992007342,0.986826999074697,,,1.00693500556315,,,,,,
4638803017,,1.0129380052417638,0.9909780069570444,0.990978007589926,0.9938280090804824,1.013778005039501,1.034323392856567,0.994748008555471,1.008125490699608,1.05120391699216,0.9947480110042384,0.9917680084166726,1.0200651663604352,1.040378936644217,1.0198827591884134
4868700597,1.005274008072207,0.9930090048011928,0.995418006742137,0.9950270097472228,0.9910320092608104,1.0096340123362073,0.9887010076965272,1.00548900753742,0.9932200076953178,1.00908900193353,0.9994500116437124,,1.0030410047325728,1.0031050056169997,0.9941190074679156
4878700606,1.0039221077440386,1.0020899877681984,1.0028350029182973,1.0070010201123265,0.9991399479204974,1.011197006471491,0.9958326083138688,0.9971655803942472,0.9869676009575632,1.0018180074432783,1.0113946113461634,1.0139990832469832,0.9999033704580068,0.9989830105481302,0.9988291243708168
4898601282,,0.9943130063361524,1.0060990023779843,1.0020400044521578,0.9927120122580276,,0.9923280085872812,1.0077350023214195,0.9948330055658996,1.0046580032569032,1.0016350095478044,,0.9942349772453772,1.0047579798353763,0.9942349464882836
5018129682,1.0027796229848105,0.9979223737330398,1.0018620415087256,0.9991083454663942,1.0038652300794917,1.0004791250480694,1.0035307652224084,1.0028390843202757,1.0005538852583122,1.0030123134342128,0.9994410713110428,0.9975171026288504,1.0008356230031097,0.9999881591725572,1.000481088748718
5038600105,1.0022781780084302,0.9982528849336456,1.0026598813229122,0.9986069570763808,1.0041956094688067,1.0008098208671437,1.0038612729176586,1.0031582433894466,0.999277471194188,1.0033425805169829,0.9989398953386052,0.997836216431404,1.0015420517019051,0.9983008593233992,1.000081823747326
5058802194,,0.9939186932533818,,,0.993511120976316,0.9977347986581044,0.9973285522441108,,0.9931505479698508,,,0.9975118036911697,0.9915289644889994,0.9915283332007414,0.991528422519682
5068179979,,1.0119286451878309,0.998316322547274,0.9966125264669596,1.0045288451640813,1.005916901548142,0.9947128199131297,1.0084114049873436,1.0054193232379889,0.9921445504541824,1.005611194210421,0.9946115184672236,0.9976196515609452,0.994719853443284,0.9982123070438932
5088141431,,,,0.9868611212093124,1.000725197728018,,0.9907590035702348,0.9906341554342152,,,,,,,
5108124925,,0.992023409824628,1.0108815923159131,1.0046407299882811,,0.9955478668048144,,0.9911258570813976,1.0042243390982106,1.0106442117485874,1.0054293158333267,0.9902016247751088,1.0023715658304664,1.0023724333205295,1.0023723440184698
5118108947,0.9966239965791112,1.0014239944785297,0.9974232795070328,1.001840997753125,0.992223974300768,1.001518946426688,0.9972189181200576,1.0022190038430288,1.0029189495526731,0.9988189565080826,0.9960239403621964,0.9964189861101372,0.9975189665127104,0.9806393468051168,1.0069189651640855
5208802645,,1.0069840019641376,,,,0.9987550027417544,0.9963349988968032,0.9923649988724768,,0.9960729974245204,1.0047259961908452,1.0026250018308198,0.9964820155176822,1.0007850142709886,0.9944869689338084
5228800788,,0.9930863338457764,1.00139663495045,0.9988995762391532,1.0054857076605126,0.99451537759594,,1.0004413682880156,0.9955045513661545,0.9986473305368656,1.0022929242638798,0.9987152513155598,1.003748255945378,1.0032913649518267,1.001365123779023
5238602669,,,0.9908310078004998,0.9908310049631543,1.0086910066031605,0.9991350036614556,0.9918690089431946,1.008731011058012,0.989648009419781,0.995909002410686,,,0.9891060073870532,0.99748300310284,0.9918740005084548
5268102120,1.016780994531815,1.0058849966962418,0.9974080017233568,1.00218101779782,0.9996790280652532,1.0040709904060148,1.0020906959788176,0.9969011164283028,1.0038104036494515,0.9918632118281192,0.993215172376022,0.997478832523378,0.9992390124757734,0.9915855897100762,1.0073794604606097
5368800735,,1.0021589985068848,0.996793990426641,0.9976959874196452,0.9955159621292866,1.007668990844767,,,,,,,,,
5408702021,,0.9941690039280934,0.9975690055149375,0.9967630028767746,0.9962690081534682,0.99636900247991,0.996369003417106,0.9993690027556306,0.9957690086171224,1.0035690063597111,0.9953690084515054,1.0001690030928645,0.9941690069550828,0.9941690104799604,0.9941690061704492
5648700669,1.0004329539323038,0.9925349882813738,1.0003859671220003,0.9901769583537792,0.9953179249160948,0.9979709992691492,0.999443990355253,0.996742967298509,1.0038980086763938,0.9964729311021856,0.9901479754247052,0.98849395379185,0.987731983150881,0.9904229998223884,1.0082579883874476
5688602487,1.0014255035290291,1.0005384994462252,0.9937155028698484,1.001761502880572,,,0.9982655037878374,0.9937625043540684,1.0023954976414955,0.9941515016551024,1.0074025022211968,0.99763150080567,0.9926875017215918,0.9983575008554112,1.0054254966732163
5938701254,0.9898580711478118,1.004547986346655,1.007015959393507,0.9937744628327037,1.0001439394652605,1.0022499936774063,1.0044009447686173,1.0030310267632756,1.0031440354352197,0.9992583716865826,1.0022300347628224,1.0023679856901766,1.004010002070192,1.0040099694875009,1.0040099826811668
6040411253,,1.005886006738471,1.005886004610569,0.9971270057142548,1.0058860094197162,0.9984041958285248,0.996442933266995,0.9969459774985856,0.996489005222363,0.9984795906142292,0.9937607832568544,1.0029421491387231,1.0078690044646736,1.006485005805826,1.0078760055462792
6048700778,,1.0034538091863778,1.0111836114654325,1.0045175219197453,1.0024151787540536,0.9922184631964872,1.0037149052240475,1.004416999606233,1.004513415329639,1.009416295671623,0.9939168187374344,1.004446935573602,1.0054148676649977,1.002614889897095,1.0042143252045652
6108605878,1.0065550131129537,1.01155500888577,1.006755006360665,1.0065550069042273,1.0065550134015495,1.0167580083141008,1.0023930066461246,1.0022930094109448,1.006767008843397,1.0023930109027672,1.0069780061725424,1.002375992973783,1.0058559918450385,0.9892069705259884,0.9954860009799412
6138180885,,1.001205000401098,1.0072919992377292,0.9956240041759732,0.9927080039086644,1.0054900046693016,1.0035490092471862,1.0090540054000312,0.9994510051487964,0.9909460008605604,1.0035490086700265,0.992707998747283,1.0012050017944922,0.9987949971363668,1.0012050047457066
6298801749,0.9973459527624956,1.0031479937826815,1.0032539466242734,0.9996479796943488,0.995863955405352,0.993646964389606,0.9996779898034902,1.0037490005684613,0.9981629669629718,0.9993639442412456,1.0014669539273693,0.998145968777388,1.002247955391759,0.9978459881659072,0.997846012201418
6363500460,0.99457300876159,0.996213503909607,0.9934830047091026,1.0031760085124044,0.9932980119886778,1.0064150027733652,0.9960770045898908,0.9958150100698866,0.9984351057701364,0.9923450912614492,1.000818011877897,0.9959110063932236,0.9940521049639692,1.001351005468819,1.00484135241147
6378801570,1.0061780105839726,0.990635008949482,1.0005830080931315,0.99777800634638,0.9891680125547024,0.9931387253174406,0.9967830067992536,0.9961530057821596,0.994542999676168,0.9992990105336048,0.9997480092602268,0.9962140055375188,0.9961630025841476,0.9961630072954162,0.9961623602400126
6408600063,,0.9957294927310816,1.0016782907947828,0.9991644992548524,,,1.0034148703382997,1.002791022719271,,,,0.9959549463620142,0.9999409785985612,0.9980241195282816,0.999586184435253
6588802595,0.9984570115601608,1.0048651078775022,1.0032760074609794,1.0008180028712963,0.9943433057176152,1.002657003916267,0.9904851543370274,1.004026320297472,0.9948327544902996,0.9946013235399712,1.008298952449702,1.0063398338673468,,,
6708700886,1.0085150011255222,1.0085490015839915,0.9914150010815116,1.0098779969615617,0.9949679988729968,0.995242003099394,1.0085419984424098,0.9971240003149556,1.0095249996660356,1.0069780024875596,0.991627002303752,1.009234001762126,1.0050149975209428,1.004924999193717,1.0049370021032735
6838102855,1.0083723696181102,1.0021850163485964,0.9958940157993617,1.004893049845303,0.9916560454658214,,,1.0014930734111889,,0.9977250291279456,0.9966840376187972,0.6177686159816804,,,
6848601816,1.0054835092916865,1.0015373730407855,0.9990908213030668,0.9980240032337738,1.0032210093123668,0.9983479999846996,0.9934398931325654,0.9962000035196004,1.004827008754123,0.9388551004012898,0.9953900335918976,,1.00032986438886,0.9746429432695476,1.0002980065431797
6948601598,,0.9906590067067356,0.9984270086753962,0.992530010003798,1.0015689505084535,1.0082540082086822,1.0021409992500347,1.004132974854761,0.9978569940222416,0.997876989623294,1.00339300552338,1.0021219972276176,0.9965299663343964,0.9965699455652788,0.9965769871616034
6988603040,0.9934570055918754,0.9985130051807912,0.9984270086753962,1.0036220046082718,0.993542987829804,1.0055750054656931,0.9945607769302374,,,,,,0.9958351053326256,1.002135101554985,1.003941506197262
6998800128,,,0.996532096678415,0.9920608781706166,,,0.9983132574282624,0.993673399075569,1.0021308232440629,1.0034403997931214,,,,,
7038601188,1.009090510459283,0.9900773598754614,1.0166956377703582,1.0165936238594164,0.9900140503799054,1.0070997750548307,1.0070955267926085,0.9890875302530782,1.0161945379770798,0.9890874628418777,0.9890845123451268,0.9890888478621452,0.9961239594191514,0.9961236982277112,0.9961261292961476
7058702313,1.0003879484670324,1.0011729646114456,1.0022729855974155,0.9945730051269004,0.9944529402613608,0.9933878694526256,0.9937729504586076,1.0003449947651677,1.0021879124068565,0.993273010033572,1.0077949472580656,0.994387785542924,1.0062879575357553,1.0062880010014856,1.0062879670457334
7178601678,1.002818002212894,1.010825002186768,0.987203000998638,0.9872029979311514,0.987302997099469,0.9897280019612056,0.9896279967940113,0.993624005410102,1.007917002949974,1.0037290024131418,1.0047230053019771,,0.992634003310389,0.9926340058769276,0.992634002525533
7228701338,,0.9983427839802104,0.9927390049362776,1.000768009486265,1.0017320074946612,0.999534995966418,,1.0051050064310307,0.9979330088566184,1.004909006239808,0.996906438498308,0.9995990022542516,0.9968080052367144,1.0031020084861406,
7388800215,,,0.997387984997522,1.010455979700848,,1.0038659889254122,,,0.9967359753970776,,,1.007935991650968,1.004435959325238,0.9967439770788368,0.9948559448661292
7408801328,,,,,,0.994184008414338,0.9930660133846212,,0.9911840085110666,,,,,,
7558701186,,,1.0014520169162753,0.9927750229378663,1.0026530138302812,0.9955980697221444,1.000499065349262,0.9929490867891496,1.00511606462807,1.0064930085697736,1.0027650805308166,1.003698019048052,0.9958470463693428,0.9929490721897748,1.0062930393778744
7704200017,1.0009479472667413,1.0035459821500028,0.9933469404847628,0.9933469992838116,0.9941469346828998,1.0002349937228117,0.9933650095318988,0.999550941305118,0.9954549469705736,1.0066279381984609,0.999757943861358,1.006347958905124,1.0002759634708018,1.000793991526156,0.9965819870318569
7738602755,1.0036239815754726,1.0038730031523302,1.0024479728048887,0.9948520200654384,1.004321953402415,1.0064290311593551,1.006485031864096,1.003535959654782,1.0032570194552497,1.0046290225556231,1.004239022898788,0.9962149770094272,0.9953849801659438,0.9953850185702456,0.9953849891084456
7748702788,0.992938010041322,0.9929380057071236,0.9945180108957136,0.9945180149702004,,0.9850380095115636,1.0137680144489392,0.9846580136143612,0.9862080090516092,0.9846580072935008,0.9846580049043084,0.9877180067964194,1.015928002561549,1.015928003798671,1.0159280067417755
7778701041,,0.9955600012992316,,,,,,,1.0020020011037474,1.0004000137213271,,1.0055140062052146,0.9964490041220878,0.9954490044866036,1.0110940089956115
7778800942,,0.9937139878361746,,,,,,,0.9979530134746996,,,,0.9963459798673444,1.0054150159517536,1.003341014533644
7808801030,1.011410075009262,0.988411049318308,1.0108070919013492,1.0108070029105525,0.9889030044877803,1.0106109790637845,0.984130001283522,1.0101090004542257,1.0094170575154875,1.010109000297447,1.0101090949768614,1.0099666564367045,1.0119200026292914,1.0119199986643117,1.0119200020538452
7968600857,,0.9943451055839554,1.0036751607786567,1.0049481255631618,1.007077184215025,1.0015327054676673,0.9920323836184952,0.989747358103477,0.9926892338767762,0.9971520110346808,0.994974429375012,0.9950057299921308,1.005831683931018,1.0036656882174828,1.0002134652587649
7978802357,,0.9913250052845832,0.9987540098304448,1.0052220068321776,,0.998032005914143,1.0038770145270297,1.007588010349002,1.0046580077319696,1.0056520036735357,1.0032120082459792,0.99652200334636,0.98912200265949,1.002855006732353,1.0052330016684616
8028600813,1.0009980139002526,0.9953279930127648,0.9892195340559468,0.9936519392534376,0.9913649878885488,0.9954859922703406,1.005363005454106,0.991325934951651,0.988686966666822,0.9917309168086392,0.996876182019843,0.99324998586869,0.9978559639192294,0.993151944019146,0.9963199648458252
8028702889,,1.0003070252658584,1.0077016913969237,1.008290084529381,1.0051439030473597,0.9977190120477368,0.9946809967436154,0.9930170310167604,0.9926129747526262,0.98957731196806,0.9960350147344909,0.997384982449343,0.9962700285737166,0.9961699982445188,0.9961699687382244
8038101445,1.0035528137636076,1.000912997721497,1.0009129799283394,1.0009159960663618,1.0009159989661125,,1.0042130275361751,1.004730973458034,1.0031200136075376,1.0023169647898629,1.0023170130444907,1.004017015096435,1.0039230255887794,1.0039230244177704,1.0039230284158909
8058103338,1.0005913295661482,1.0011160109213573,1.0041209608478814,1.0040269997968878,1.011115962757674,,1.0032629595584854,1.0101026798530517,1.0101026974784817,1.0101027054633054,1.0101027009414711,0.9967587657696456,1.0021116280697864,1.002327122922402,1.0036310070083392
8128601686,0.9976290122225322,0.9974890074468056,0.997639007470975,0.9934290096544308,1.0061270054745388,0.9935430046971618,0.9969840026933507,0.9966390126302648,0.9957390084758276,0.9995290119174004,0.9996980048317512,0.995329006404618,0.9964840047182296,0.996484004251638,0.9964840040672684
8218601846,,1.002325047334069,1.0057160039019348,1.000715012904563,0.9947160060402302,0.9942160305434248,1.000408034086913,1.0037160118579502,1.000702019862352,1.003315011213492,1.0043160584958415,1.0008710357953563,1.0000610014761642,0.99656103899716,1.0003920330886975
8338700153,1.003824014517137,0.99493798979605,1.0092849931913002,0.9983391506496332,0.9936756441995828,0.9887689766040844,0.9956542946907426,1.0051804781638582,1.0045174868258564,0.9981561641060798,1.0028207757316243,1.0056527382814058,1.0057637069398777,1.0063853370673546,1.0020093099609426
8428100683,1.0039436916799784,,0.995518932064022,1.002091007458862,1.0054285815413226,1.0047130789850411,1.013469603772436,1.0027300159549004,0.9947513245659534,1.0004068731145848,1.0054697332504587,1.005486116129888,0.9975823175917272,1.0094482068815154,0.9954087566076212
8518101556,,1.0014860248206594,0.9945606047907584,0.9962242670409864,,0.9979830075675566,0.9958720048311424,0.9988209967998308,0.9965720298160607,0.9989570853050928,0.9979830534054211,0.9984960519268316,0.9988150385878422,1.0020830052001954,0.9973820387342832
8618102232,,,0.9994576649374886,,1.0003437856722266,,1.0007837741210277,1.0004056081682204,0.997146721507133,1.0002662978947392,0.9973102650798412,0.9941884866090414,1.0041752457180102,0.9977202783187458,0.9968800807456004
8638600593,0.9978580729106556,0.99997700057774,0.999523592817879,1.0016632016653355,0.9979370051446356,1.005980003098777,1.0011990051031865,1.002090008150898,0.9976160021611392,0.99399031061821,0.9999470003717348,1.0018280003896711,0.9995330058164994,0.999533005266871,0.999533004655848
8758800377,0.999306882930998,1.009104757489855,0.9909058901596558,1.0088049915824695,1.010208133513547,1.015505583940124,0.995006499608052,0.9991414879334644,0.9940048835927812,0.994004772740894,1.0026227303876774,0.9940074395716147,1.015404621147142,0.9822563130409564,1.0154067883833342
8768102651,1.0021993639393167,0.994394047682541,0.9975060341686104,1.0072480351775088,1.0065540612995632,1.0038260360821123,0.9941170561847484,1.0027650608722996,1.0021690478077163,1.001493084853472,0.9977250286144502,0.9977250564942785,1.0028770327730812,0.999964054888998,0.995847006104612
8788701266,0.997664012147514,0.9974889545650134,0.9965779795407788,0.9935759609445072,0.9974539657228052,0.993666940811256,0.9952369106870264,1.000552939861776,1.0081479721445543,0.9992777548828932,1.000383928817899,1.0072519576734649,1.0044409760773514,1.004440948422579,1.0044409859893846
8898802073,,0.9981051860883188,0.9986029224521572,0.9945498180528912,0.9986912222542604,0.996445010145656,1.005234768468349,1.0044751992011998,1.001373613163396,1.0052741254386628,1.0075623854398876,1.002383705871963,0.9948714630862164,1.0042138309355515,1.0064781070391369
8918102591,0.9932550727655176,0.9905140048328056,1.00991400642282,1.0059090030437705,1.0056130132171277,0.9897180062685748,1.008113008897052,0.9899640107892554,0.995487003217458,0.9938690150921704,1.0031260080658058,0.995864004815995,1.008611005436015,1.0076110080771783,0.9893060091768154
